{
  "languages": [
    "osprey",
    "osprey-gc",
    "rust",
    "c",
    "ocaml",
    "haskell"
  ],
  "cases": {
    "binarytrees": {
      "osprey": {
        "status": "ok",
        "rss": 948928512,
        "mean": 0.4263050957000001,
        "stddev": 0.006354241543603149,
        "min": 0.41982958400000003,
        "max": 0.441435958
      },
      "osprey-gc": {
        "status": "ok",
        "rss": 11567104,
        "mean": 1.5431757333999998,
        "stddev": 0.02039200984593045,
        "min": 1.511022333,
        "max": 1.5806435410000002
      },
      "rust": {
        "status": "ok",
        "rss": 2195456,
        "mean": 0.7285488085,
        "stddev": 0.017389810959712614,
        "min": 0.712560583,
        "max": 0.7669703750000001
      },
      "c": {
        "status": "ok",
        "rss": 1753088,
        "mean": 0.35160239990000003,
        "stddev": 0.004063803004210879,
        "min": 0.347904458,
        "max": 0.361647875
      },
      "ocaml": {
        "status": "ok",
        "rss": 5373952,
        "mean": 0.05086683051724138,
        "stddev": 0.0007949995990741841,
        "min": 0.049796292000000006,
        "max": 0.053804625
      },
      "haskell": {
        "status": "ok",
        "rss": 11550720,
        "mean": 0.017402119990338163,
        "stddev": 0.001948255096889223,
        "min": 0.0136445,
        "max": 0.029687708
      }
    }
  }
}