{
  "languages": [
    "osprey",
    "rust",
    "c",
    "ocaml",
    "haskell"
  ],
  "cases": {
    "ackermann": {
      "osprey": {
        "status": "ok",
        "rss": 1703936,
        "mean": 0.1278611159130435,
        "stddev": 0.0012646883720158803,
        "min": 0.125135291,
        "max": 0.13080529100000002
      },
      "rust": {
        "status": "ok",
        "rss": 1818624,
        "mean": 0.13254829163636364,
        "stddev": 0.002824008429328453,
        "min": 0.125274208,
        "max": 0.136898292
      },
      "c": {
        "status": "ok",
        "rss": 1703936,
        "mean": 0.1280128151304348,
        "stddev": 0.002029132371063471,
        "min": 0.12303670800000001,
        "max": 0.131780791
      },
      "ocaml": {
        "status": "ok",
        "rss": 2752512,
        "mean": 0.11356556177777775,
        "stddev": 0.0027031252367680364,
        "min": 0.10679754200000001,
        "max": 0.11741829100000001
      },
      "haskell": {
        "status": "ok",
        "rss": 15826944,
        "mean": 0.06563913884444444,
        "stddev": 0.003738746277486356,
        "min": 0.061232375000000006,
        "max": 0.080205917
      }
    },
    "binarytrees": {
      "osprey": {
        "status": "ok",
        "rss": 948977664,
        "mean": 0.4203280414000001,
        "stddev": 0.006814869066799487,
        "min": 0.41275358300000003,
        "max": 0.43136250000000004
      },
      "rust": {
        "status": "ok",
        "rss": 2277376,
        "mean": 0.7132303123000001,
        "stddev": 0.005748770310394259,
        "min": 0.706410292,
        "max": 0.722962458
      },
      "c": {
        "status": "ok",
        "rss": 1785856,
        "mean": 0.34886576240000006,
        "stddev": 0.003111112723409896,
        "min": 0.343230542,
        "max": 0.354692125
      },
      "ocaml": {
        "status": "ok",
        "rss": 5373952,
        "mean": 0.050652243066666665,
        "stddev": 0.0006679957405281041,
        "min": 0.049496417,
        "max": 0.051990458
      },
      "haskell": {
        "status": "ok",
        "rss": 11550720,
        "mean": 0.016650127717171722,
        "stddev": 0.0009746120927278198,
        "min": 0.014538500000000001,
        "max": 0.020535
      }
    },
    "coins": {
      "osprey": {
        "status": "ok",
        "rss": 1474560,
        "mean": 0.07174073016666664,
        "stddev": 0.0016428353981222557,
        "min": 0.069904458,
        "max": 0.078425083
      },
      "rust": {
        "status": "ok",
        "rss": 1589248,
        "mean": 0.076222865625,
        "stddev": 0.0024796371330583497,
        "min": 0.073750834,
        "max": 0.086732667
      },
      "c": {
        "status": "ok",
        "rss": 1458176,
        "mean": 0.07111859723809524,
        "stddev": 0.002669832317225604,
        "min": 0.068523041,
        "max": 0.082054
      },
      "ocaml": {
        "status": "ok",
        "rss": 2326528,
        "mean": 0.09361648096969699,
        "stddev": 0.0025034146515249866,
        "min": 0.089977292,
        "max": 0.10332991700000001
      },
      "haskell": {
        "status": "ok",
        "rss": 11599872,
        "mean": 0.05225284228571427,
        "stddev": 0.0016496672430965722,
        "min": 0.048184375,
        "max": 0.055494459
      }
    },
    "collatz": {
      "osprey": {
        "status": "ok",
        "rss": 1474560,
        "mean": 0.01225940984583333,
        "stddev": 0.0004219907217846223,
        "min": 0.011568,
        "max": 0.01363425
      },
      "rust": {
        "status": "ok",
        "rss": 1589248,
        "mean": 0.01141310314176245,
        "stddev": 0.000590410758604471,
        "min": 0.010783125000000001,
        "max": 0.016796500000000002
      },
      "c": {
        "status": "ok",
        "rss": 1458176,
        "mean": 0.009407004484567905,
        "stddev": 0.00035093515456227793,
        "min": 0.008916709,
        "max": 0.012611417000000002
      },
      "ocaml": {
        "status": "ok",
        "rss": 2326528,
        "mean": 0.05420454391071431,
        "stddev": 0.0010102786412975072,
        "min": 0.052086,
        "max": 0.056407500000000006
      },
      "haskell": {
        "status": "ok",
        "rss": 11616256,
        "mean": 0.039265309274509795,
        "stddev": 0.004296684264299071,
        "min": 0.028727917000000002,
        "max": 0.053763834
      }
    },
    "coprime": {
      "osprey": {
        "status": "ok",
        "rss": 1474560,
        "mean": 0.06236129947916667,
        "stddev": 0.0009557113434697784,
        "min": 0.060871917000000005,
        "max": 0.064638625
      },
      "rust": {
        "status": "ok",
        "rss": 1589248,
        "mean": 0.0608810476122449,
        "stddev": 0.0020088560172809153,
        "min": 0.059022209000000006,
        "max": 0.070689708
      },
      "c": {
        "status": "ok",
        "rss": 1458176,
        "mean": 0.05847007605882354,
        "stddev": 0.0006441103473683806,
        "min": 0.05738908400000001,
        "max": 0.060612958
      },
      "ocaml": {
        "status": "ok",
        "rss": 2326528,
        "mean": 0.08807100257575755,
        "stddev": 0.0010437639075421942,
        "min": 0.086050125,
        "max": 0.09089225000000001
      },
      "haskell": {
        "status": "ok",
        "rss": 11616256,
        "mean": 0.09998858606666666,
        "stddev": 0.0026092047543336753,
        "min": 0.095867042,
        "max": 0.10820570800000001
      }
    },
    "digitsum": {
      "osprey": {
        "status": "ok",
        "rss": 1458176,
        "mean": 0.004927263909565213,
        "stddev": 0.00020971288236934163,
        "min": 0.004603875,
        "max": 0.006782458000000001
      },
      "rust": {
        "status": "ok",
        "rss": 1605632,
        "mean": 0.005213685985000002,
        "stddev": 0.000182039204574422,
        "min": 0.00487425,
        "max": 0.005940917
      },
      "c": {
        "status": "ok",
        "rss": 1441792,
        "mean": 0.005321190962393166,
        "stddev": 0.00018791808820010604,
        "min": 0.004986792,
        "max": 0.0068044590000000005
      },
      "ocaml": {
        "status": "ok",
        "rss": 2326528,
        "mean": 0.018979193096153847,
        "stddev": 0.002555250462231536,
        "min": 0.018235750000000002,
        "max": 0.050078750000000005
      },
      "haskell": {
        "status": "ok",
        "rss": 11616256,
        "mean": 0.029139516280000013,
        "stddev": 0.0026011612117847627,
        "min": 0.026089208000000003,
        "max": 0.039127084
      }
    },
    "factorial": {
      "osprey": {
        "status": "ok",
        "rss": 1458176,
        "mean": 0.03347967477419354,
        "stddev": 0.0012100700863257711,
        "min": 0.0314225,
        "max": 0.035447958
      },
      "rust": {
        "status": "ok",
        "rss": 1605632,
        "mean": 0.03475143133766234,
        "stddev": 0.0008119895495954044,
        "min": 0.032614750000000005,
        "max": 0.038898375000000006
      },
      "c": {
        "status": "ok",
        "rss": 1458176,
        "mean": 0.034630747604651166,
        "stddev": 0.0009363586243926905,
        "min": 0.032297208,
        "max": 0.037665750000000005
      },
      "ocaml": {
        "status": "ok",
        "rss": 2310144,
        "mean": 0.050226656377049185,
        "stddev": 0.005993942683384707,
        "min": 0.048046208,
        "max": 0.093290125
      },
      "haskell": {
        "status": "ok",
        "rss": 11632640,
        "mean": 0.053948133754385987,
        "stddev": 0.0036397459390039226,
        "min": 0.049689459000000005,
        "max": 0.066631917
      }
    },
    "fib": {
      "osprey": {
        "status": "ok",
        "rss": 1458176,
        "mean": 0.02113961808391608,
        "stddev": 0.00046644102936273176,
        "min": 0.020253,
        "max": 0.024311792000000002
      },
      "rust": {
        "status": "ok",