{
  "languages": [
    "osprey",
    "osprey-gc",
    "rust",
    "c",
    "ocaml",
    "haskell"
  ],
  "cases": {
    "textstats": {
      "osprey": {
        "status": "ok",
        "rss": 1458176,
        "mean": 0.0028975862357001987,
        "stddev": 0.00018362904386722708,
        "min": 0.002611125,
        "max": 0.003921708
      },
      "osprey-gc": {
        "status": "ok",
        "rss": 1507328,
        "mean": 0.0030840664255111995,
        "stddev": 0.00014785797982929378,
        "min": 0.002817,
        "max": 0.00384
      },
      "rust": {
        "status": "ok",
        "rss": 1687552,
        "mean": 0.001903391749235471,
        "stddev": 0.00033109612485570473,
        "min": 0.0015849170000000001,
        "max": 0.006004209000000001
      },
      "c": {
        "status": "ok",
        "rss": 1458176,
        "mean": 0.002012410700061843,
        "stddev": 0.00019376890577235,
        "min": 0.0017388330000000002,
        "max": 0.0034173750000000003
      },
      "ocaml": {
        "status": "ok",
        "rss": 2392064,
        "mean": 0.003726078943712584,
        "stddev": 0.00033586238746485564,
        "min": 0.003315667,
        "max": 0.007544208
      },
      "haskell": {
        "status": "ok",
        "rss": 11911168,
        "mean": 0.015957825061320752,
        "stddev": 0.0008340886913391574,
        "min": 0.013552958,
        "max": 0.018207792
      }
    }
  }
}