{
  "languages": [
    "osprey",
    "rust",
    "c",
    "ocaml",
    "haskell"
  ],
  "cases": {
    "tak": {
      "osprey": {
        "status": "ok",
        "rss": 1218461696,
        "mean": 0.488783597,
        "stddev": 0.007263069865264992,
        "min": 0.48000383300000005,
        "max": 0.49763862500000006
      },
      "rust": {
        "status": "ok",
        "rss": 1622016,
        "mean": 0.03289292579120879,
        "stddev": 0.0005270724635681199,
        "min": 0.031913833,
        "max": 0.034332583
      },
      "c": {
        "status": "ok",
        "rss": 1458176,
        "mean": 0.033491466700000014,
        "stddev": 0.002215714263744908,
        "min": 0.031816791000000004,
        "max": 0.048792125000000006
      },
      "ocaml": {
        "status": "ok",
        "rss": 2310144,
        "mean": 0.044380708999999983,
        "stddev": 0.000660353685751902,
        "min": 0.043207209,
        "max": 0.046687000000000006
      },
      "haskell": {
        "status": "ok",
        "rss": 11632640,
        "mean": 0.06328515676086957,
        "stddev": 0.001965808473887244,
        "min": 0.059608291,
        "max": 0.066768333
      }
    }
  }
}