{
  "results": [
    {
      "command": "osprey",
      "mean": 0.488783597,
      "stddev": 0.007263069865264992,
      "median": 0.487246979,
      "user": 0.41637583333333333,
      "system": 0.06554866666666666,
      "min": 0.48000383300000005,
      "max": 0.49763862500000006,
      "times": [
        0.489857833,
        0.496817708,
        0.48463612500000003,
        0.49763862500000006,
        0.48000383300000005,
        0.483747458
      ],
      "memory_usage_byte": [
        1218461696,
        1218461696,
        1218461696,
        1218478080,
        1218478080,
        1218478080
      ],
      "exit_codes": [
        0,
        0,
        0,
        0,
        0,
        0
      ]
    },
    {
      "command": "rust",
      "mean": 0.03289292579120879,
      "stddev": 0.0005270724635681199,
      "median": 0.032851458,
      "user": 0.031574593406593396,
      "system": 0.0006787582417582418,
      "min": 0.031913833,
      "max": 0.034332583,
      "times": [
        0.03264675,
        0.033831792,
        0.033485709,
        0.033195042,
        0.03307,
        0.032450292,
        0.03272875,
        0.032892625,
        0.033823541000000006,
        0.032450834000000005,
        0.034332583,
        0.033315708,
        0.032551000000000004,
        0.032678791,
        0.032672541,
        0.033304291,
        0.032256083000000005,
        0.032343625,
        0.032227667,
        0.032693875000000004,
        0.0325905,
        0.0328605,
        0.032287833,
        0.032362667000000005,
        0.032315625,
        0.032928667,
        0.032636209,
        0.032810708,
        0.032687041,
        0.033106167,
        0.033424166000000005,
        0.032873292000000005,
        0.033421542000000005,
        0.032179958,
        0.032392792000000004,
        0.032805375000000005,
        0.032901625000000004,
        0.032381,
        0.032484875,
        0.0321245,
        0.032939708000000005,
        0.033696250000000004,
        0.032909167,
        0.032526542,
        0.032600292,
        0.032095541000000005,
        0.032971792,
        0.032883417000000005,
        0.032535167000000004,
        0.032183083,
        0.034211542000000005,
        0.033189416,
        0.032294375,
        0.032058500000000004,
        0.032980584,
        0.03315275,
        0.033297542,
        0.032663042,
        0.032878084,
        0.033402333,
        0.032889875,
        0.032651541,
        0.032851458,
        0.032973083,
        0.034075625000000005,
        0.033979375,
        0.032726958,
        0.032940291000000003,
        0.033220416,
        0.033024083,
        0.032616375,
        0.033860917000000004,
        0.032759209000000004,
        0.033825125000000004,
        0.032901,
        0.032990291000000005,
        0.032411792,
        0.032812667000000004,
        0.031913833,
        0.033116833000000005,
        0.034044375,
        0.033677583000000004,
        0.033556833,
        0.032884000000000004,
        0.032484208,
        0.032637042000000005,
        0.033073916,
        0.032836750000000005,
        0.032660958000000004,
        0.032777292,
        0.032086875
      ],
      "memory_usage_byte": [
        1218478080,
        1218478080,
        1218478080,
        1218478080,
        1218478080,
        1218478080,
        1218478080,
        1218478080,
        1218478080,
        1218478080,
        1218478080,
        1218478080,
        1218478080,
        1218478080,
        1218478080,
        1218478080,
        1218478080,
        1218478080,
        1218478080,
        1218478080,
        1218478080,
        1218478080,
        1218478080,
        1218478080,
        1218478080,
        1218478080,
        1218478080,
        1218478080,
        1218478080,
        1218478080,
        1218478080,
        1218478080,
        1218478080,
        1218478080,
        1218478080,
        1218478080,
        1218478080,
        1218478080,
        1218478080,
        1218478080,
        1218478080,
        1218478080,
        1218478080,
        1218478080,
        1218478080,
        1218478080,
        1218478080,
        1218478080,
        1218478080,
        1218478080,
        1218478080,
        1218478080,
        1218478080,
        1218478080,
        1218478080,
        1218478080,
        1218478080,
        1218478080,
        1218478080,
        1218478080,
        1218478080,
        1218478080,
        1218478080,
        1218478080,
        1218478080,
        1218478080,
        1218478080,
        1218478080,
        1218478080,
        1218478080,
        1218478080,
        1218478080,
        1218478080,
        1218478080,
        1218478080,
        1218478080,
        1218478080,
        1218478080,
        1218478080,
        1218478080,
        1218478080,
        1218478080,
        1218478080,
        1218478080,
        1218478080,
        1218478080,
        1218478080,
        1218478080,
        1218478080,
        1218478080,
        1218478080
      ],
      "exit_codes": [
        0,
        0,
        0,
        0,
        0,
        0,
        0,
        0,
        0,
        0,
        0,
        0,
        0,
        0,
        0,
        0,
        0,
        0,
        0,
        0,
        0,
        0,
        0,
        0,
        0,
        0,
        0,
        0,
        0,
        0,
        0,
        0,
        0,
        0,
        0,
        0,
        0,
        0,
        0,
        0,
        0,
        0,
        0,
        0,
        0,
        0,
        0,
        0,
        0,
        0,
        0,
        0,
        0,
        0,
        0,
        0,
        0,
        0,
        0,
        0,
        0,
        0,
        0,
        0,
        0,
        0,
        0,
        0,
        0,
        0,
        0,
        0,
        0,
        0,
        0,
        0,
        0,
        0,
        0,
        0,
        0,
        0,
        0,
        0,
        0,
        0,
        0,
        0,
        0,
        0,
        0
      ]
    },
    {
      "command": "c",
      "mean": 0.033491466700000014,
      "stddev": 0.002215714263744908,
      "median": 0.033157521,
      "user": 0.031858000000000004,
      "system": 0.0007103777777777775,
      "min": 0.031816791000000004,
      "max": 0.048792125000000006,